pmcid,pmid,citation_count,doi,publication_date,journal,volume,issue,pages,figure_count,table_count,reference_count,keyword_count,funding_sources
PMC6141014,29569488,8600,10.1080/21678421.2018.1452946,2018 Mar 23,Amyotrophic lateral sclerosis & frontotemporal degeneration,19,5-6,457,2,3,0,15,
PMC10719374,38092777,57,10.1038/s41526-023-00337-5,2023 Dec 13,NPJ Microgravity,9,,90,6,1,0,15,
PMC10607959,37895487,10,10.3390/life13102051,2023 Oct 13,Life,13,10,2051,1,0,0,0,
PMC10285634,37360691,30,10.1016/j.isci.2023.107047,2023 Jun 8,iScience,26,7,107047,5,1,0,0,
PMC3564669,23246792,8600,10.1016/j.bone.2012.11.034,2012 Dec 12,Bone,53,1,145,5,2,0,15,
PMC4096993,24737619,8600,10.1111/2049-632X.12180,2014 May 23,Pathogens and disease,71,1,1,1,2,0,15,
PMC5052530,27708389,8600,10.1038/srep34791,2016 Oct 6,Scientific Reports,6,,34791,5,4,0,15,
PMC9547011,36207342,21,10.1038/s41598-022-19360-9,2022 Oct 7,Scientific Reports,12,,16825,3,4,0,15,
PMC8260663,34230490,30,10.1038/s41526-021-00152-w,2021 Jul 6,NPJ Microgravity,7,,24,7,1,0,15,
PMC6379395,30793021,30,10.1038/s41526-019-0063-6,2019 Feb 18,NPJ Microgravity,5,,3,2,0,0,15,
PMC6597714,31249331,32,10.1038/s41598-019-45587-0,2019 Jun 27,Scientific Reports,9,,9336,8,1,0,15,
PMC10764921,38172193,0,10.1038/s41598-023-49680-3,2024 Jan 3,Scientific Reports,14,,410,9,2,0,15,ESA
PMC7937622,33692763,8600,10.3389/fmicb.2021.601713,2021 Feb 22,Frontiers in Microbiology,12,,601713,9,5,0,15,
PMC3748764,23805000,8600,10.1093/toxsci/kft138,2013 Jun 26,Toxicological Sciences,135,1,156,10,1,0,15,CMMI-1000808; CBET-1150867
PMC10774393,38191486,30,10.1038/s41526-023-00343-7,2024 Jan 8,NPJ Microgravity,10,,2,5,2,0,15,
PMC4405755,25565653,8600,10.1113/jphysiol.2014.286740,2015 Feb 4,The Journal of Physiology,593,Pt 8,1981,9,0,0,15,
PMC5515520,28725721,8600,10.1038/npjmgrav.2015.23,2016 Jan 21,NPJ Microgravity,2,,15023,5,0,0,15,
PMC11673879,39765755,2,10.3390/biology13121088,2024 Dec 23,Biology,13,12,1088,9,1,0,15,
PMC6371294,30815061,14,,2018 Dec 5,AMIA Annual Symposium Proceedings,2018,,232,4,2,0,15,
PMC3066201,21479267,100,10.1371/journal.pone.0017710,2011 Mar 29,PLoS ONE,6,3,e17710,5,2,0,0,
PMC7261848,32523594,1,10.3389/fpls.2020.00631,2020 May 25,Frontiers in Plant Science,11,,631,8,0,0,15,
PMC11892206,40065216,17,10.1186/s12864-025-11426-y,2025 Mar 10,BMC Genomics,26,,229,6,1,0,15,NASA
PMC9503880,36144316,3,10.3390/microorganisms10091714,2022 Aug 25,Microorganisms,10,9,1714,5,2,0,15,NASA
PMC3818365,23880584,8600,10.1016/j.tcb.2013.06.005,2013 Jul 21,Trends in cell biology,23,11,10.1016/j.tcb.2013.06.005,3,2,0,15,
PMC8444978,34528817,2,10.1128/MRA.00751-21,2021 Sep 16,Microbiology Resource Announcements,10,37,e00751-21,0,1,0,15,
PMC9267413,35806469,1,10.3390/ijms23137465,2022 Jul 5,International Journal of Molecular Sciences,23,13,7465,1,7,0,15,CA18117
PMC9582271,36277726,32,10.3389/fendo.2022.959743,2022 Oct 6,Frontiers in Endocrinology,13,,959743,7,0,0,15,AR060913
PMC4430214,25970640,8600,10.1371/journal.pone.0124380,2015 May 13,PLoS ONE,10,5,e0124380,8,4,0,15,
PMC7778922,33080015,2020,10.1093/nar/gkaa887,2020 Oct 20,Nucleic Acids Research,49,D1,D1515,4,0,0,15,NASA
PMC9953055,36830573,90,10.3390/biom13020201,2023 Jan 19,Biomolecules,13,2,201,7,3,0,15,NIH; NASA
PMC6548323,30870097,9,10.1667/RR15164.1,2019 Mar 14,Radiation research,191,5,413,6,3,0,15,
PMC6981245,31805482,131,10.1016/j.archoralbio.2019.104621,2019 Nov 18,Archives of oral biology,110,,104621,5,1,0,0,
PMC10308117,37396358,2018,10.3389/fmicb.2023.1166013,2023 Jun 15,Frontiers in Microbiology,14,,1166013,7,4,0,15,
PMC7251690,32460700,968,10.1186/s12870-020-02392-6,2020 May 27,BMC Plant Biology,20,,237,4,6,0,0,NASA
PMC10344948,37456835,2023,10.1016/j.isci.2023.107189,2023 Jun 20,iScience,26,7,107189,2,3,0,0,
PMC4936552,27261066,8600,10.1104/pp.16.00215,2016 Jun 3,Plant Physiology,171,3,1771,6,11,0,15,
PMC6143729,30246146,8600,10.1128/mSystems.00112-18,2018 Sep 18,mSystems,3,5,e00112-18,3,2,0,15,
PMC5666744,28953266,8600,10.3390/ijms18102062,2017 Sep 27,International Journal of Molecular Sciences,18,10,2062,9,3,0,15,
PMC6201722,30386712,8600,10.1002/aps3.1186,2018 Oct 19,Applications in Plant Sciences,6,10,e01186,13,5,0,0,
PMC8932657,35302846,1,10.1126/sciadv.abn0485,2022 Mar 18,Science Advances,8,11,eabn0485,6,0,0,15,
PMC5181587,27816929,8600,10.1093/jxb/erw418,2016 Nov 5,Journal of Experimental Botany,67,22,6459,9,0,0,15,
PMC10800490,38259952,1,10.3389/fpls.2023.1308713,2024 Jan 8,Frontiers in Plant Science,14,,1308713,8,4,0,0,NASA
PMC10797188,38261932,2023,10.1016/j.isci.2023.108759,2023 Dec 16,iScience,27,1,108759,10,3,0,0,
PMC11869762,40026331,16,10.2147/DDDT.S486371,2025 Feb 24,"Drug Design, Development and Therapy",19,,1289,6,0,0,0,
PMC3329368,22057319,1,10.4161/psb.6.11.17014,2011 Nov 1,Plant Signaling & Behavior,6,11,1855,2,0,0,15,
PMC8185232,34113365,70,10.3389/fpls.2021.664250,2021 May 25,Frontiers in Plant Science,12,,664250,5,0,0,15,
PMC6547757,31160660,1,10.1038/s41598-019-44696-0,2019 Jun 3,Scientific Reports,9,,8215,10,2,0,15,
PMC4050424,23099650,131,10.1096/fj.12-218503,2013 Jan,The FASEB Journal,27,1,399,5,4,0,15,
PMC5933128,29523714,8600,10.1104/pp.17.01766,2018 Mar 9,Plant Physiology,177,1,115,9,1,0,15,
PMC7595942,33122406,29,10.1128/MRA.00701-20,2020 Oct 29,Microbiology Resource Announcements,9,44,e00701-20,0,1,0,15,
PMC5996828,29900258,8600,10.1016/j.dib.2018.03.107,2018 Mar 26,Data in Brief,18,,913,6,2,0,15,
PMC9746133,36514162,2022,10.1186/s13059-022-02824-6,2022 Dec 13,Genome Biology,23,,256,3,2,0,15,
PMC8234954,34205326,2,10.3390/genes12060938,2021 Jun 19,Genes,12,6,938,8,9,0,15,NASA
PMC9258157,35791019,2022,10.1186/s40168-022-01279-y,2022 Jul 6,Microbiome,10,,102,8,4,0,0,
PMC5132293,27907194,8600,10.1371/journal.pone.0167391,2016 Dec 1,PLoS ONE,11,12,e0167391,7,1,0,0,NASA
PMC5477841,26285046,8600,10.1002/jor.23029,2015 Aug 31,Journal of orthopaedic research : official publication of the Orthopaedic Research Society,34,1,48,11,0,0,15,
PMC7825584,33430182,8600,10.3390/life11010033,2021 Jan 7,Life,11,1,33,1,1,0,15,NASA
PMC7503278,32887481,2,10.3390/ijms21176385,2020 Sep 2,International Journal of Molecular Sciences,21,17,6385,8,1,0,15,NASA
PMC6130020,30018170,8600,10.1104/pp.18.00713,2018 Jul 17,Plant Physiology,178,1,390,7,0,0,15,
PMC11339457,39168992,2024,10.1038/s41526-024-00425-0,2024 Aug 21,NPJ Microgravity,10,,88,1,2,0,15,
PMC2910419,20155736,7,10.1002/dneu.20787,2010 May,Developmental neurobiology,70,6,436,8,1,0,15,
PMC3554398,23051695,1,10.1038/ismej.2012.114,2012 Oct 11,The ISME Journal,7,2,312,3,3,0,15,
PMC11096397,38750067,245,10.1038/s41467-023-42104-w,2024 May 15,Nature Communications,15,,3474,5,1,0,15,
PMC4136787,25133741,8600,10.1371/journal.pone.0104830,2014 Aug 18,PLoS ONE,9,8,e104830,8,6,0,15,
PMC11593819,39596110,0,10.3390/ijms252212041,2024 Nov 9,International Journal of Molecular Sciences,25,22,12041,6,0,0,15,NIH; JAXA; NASA
PMC11167039,38862543,2,10.1038/s41526-023-00320-0,2024 Jun 11,NPJ Microgravity,10,,62,5,0,0,15,
PMC9365836,35948598,57,10.1038/s41526-022-00217-4,2022 Aug 10,NPJ Microgravity,8,,35,6,4,0,15,
PMC7064724,32194611,3,10.3389/fpls.2020.00239,2020 Mar 4,Frontiers in Plant Science,11,,239,13,0,0,15,
PMC4103452,25202579,8600,10.3732/apps.1300034,2013 Jul 29,Applications in Plant Sciences,1,8,apps.1300034,2,1,0,15,
PMC4309212,25667933,8600,10.1155/2015/976458,2015 Jan 13,BioMed Research International,2015,,976458,3,3,0,15,
PMC6560652,31258252,1,10.1007/s12217-017-9588-z,2017 Dec 29,Microgravity Science and Technology,30,3,195,4,5,0,15,
PMC6081456,30109261,8600,10.1038/s41526-018-0050-3,2018 Aug 7,NPJ Microgravity,4,,14,2,0,0,15,
PMC6240453,30473943,0,10.1002/aps3.1197,2018 Nov 14,Applications in Plant Sciences,6,11,e01197,3,3,0,0,
PMC4411250,25870206,8600,10.1085/jgp.201411295,2015 May,The Journal of General Physiology,145,5,389,1,0,0,0,
PMC8509868,34637435,57,10.1371/journal.pone.0250715,2021 Oct 12,PLoS ONE,16,10,e0250715,3,1,0,15,
PMC3630201,23637819,8600,10.1371/journal.pone.0061372,2013 Apr 18,PLoS ONE,8,4,e61372,6,3,0,15,NASA
PMC5899691,29524209,8600,10.1002/cne.24429,2018 Mar 23,The Journal of comparative neurology,526,9,1571,12,2,0,15,
PMC9832585,36336375,20,10.1016/j.lssr.2022.06.004,2022 Jun 14,Life sciences in space research,35,,9,1,1,0,15,
PMC7314936,32625217,135,10.3389/fpls.2020.00673,2020 Jun 18,Frontiers in Plant Science,11,,673,8,4,0,15,
PMC8671758,34925230,57,10.3389/fendo.2021.749449,2021 Dec 1,Frontiers in Endocrinology,12,,749449,7,0,0,15,
PMC10960378,38521963,2,10.1186/s40168-024-01777-1,2024 Mar 23,Microbiome,12,,62,7,2,0,0,
PMC11929063,40123744,754,10.1016/j.omtm.2025.101424,2025 Jan 28,Molecular Therapy. Methods & Clinical Development,33,1,101424,5,1,0,15,
PMC10058394,36983782,21,10.3390/life13030626,2023 Feb 23,Life,13,3,626,6,0,0,15,NASA
PMC6036641,29738279,8600,10.1667/RR15007.1,2018 May 8,Radiation research,190,1,63,7,0,0,15,
PMC6188462,21880668,22,10.1096/fj.11-0902ufm,2011 Sep,The FASEB Journal,25,9,2858,5,0,0,0,
PMC7829349,33505359,8600,10.3389/fmicb.2020.515319,2021 Jan 11,Frontiers in Microbiology,11,,515319,4,4,0,15,
PMC4896697,27173900,8600,10.1073/pnas.1601149113,2016 May 12,Proceedings of the National Academy of Sciences of the United States of America,113,22,E3058,2,0,0,0,
PMC11940681,40138271,37,10.1371/journal.pone.0317307,2025 Mar 26,PLOS One,20,3,e0317307,9,0,0,15,NASA
PMC11999716,40233938,455,10.1093/jambio/lxaf076,2025 Apr 16,Journal of Applied Microbiology,136,4,lxaf076,4,0,0,0,
PMC6915713,31844325,2020,10.1038/s41598-019-55869-2,2019 Dec 16,Scientific Reports,9,,19195,5,0,0,15,
PMC8169688,34075076,21,10.1038/s41598-021-90439-5,2021 Jun 1,Scientific Reports,11,,11452,5,0,0,15,
PMC3593973,23416054,8600,10.1016/j.celrep.2013.01.018,2013 Feb 14,Cell reports,3,2,520,5,0,0,0,
PMC11166968,38862473,2024,10.1038/s41467-023-44357-x,2024 Jun 11,Nature Communications,15,,4774,4,0,0,15,
PMC11357981,38862028,20180008444,10.1038/s41586-024-07639-y,2024 Jun 11,Nature,632,8027,1145,15,0,0,15,
PMC2913424,20140519,2009,10.1007/s10439-010-9946-0,2010 Mar,Annals of biomedical engineering,38,3,1148,0,0,0,15,
PMC8754149,35019675,16,10.1128/spectrum.01994-21,2022 Jan 12,Microbiology Spectrum,10,1,e01994-21,7,1,0,15,
PMC11063234,38699144,5,10.3389/fphys.2024.1248276,2024 Apr 18,Frontiers in Physiology,15,,1248276,7,3,0,15,NIH; NASA
PMC3570223,23420085,14,10.1016/j.asr.2012.02.021,2012 Feb 27,Advances in space research : the official journal of the Committee on Space Research (COSPAR),49,10,1441,3,6,0,15,
PMC8896891,35282036,3,10.1063/5.0078337,2022 Mar 3,Biomicrofluidics,16,2,024103,8,0,0,15,
PMC3040128,21269510,2,10.1186/1471-2229-11-25,2011 Jan 26,BMC Plant Biology,11,,25,10,2,0,0,
PMC5515519,28725722,8600,10.1038/npjmgrav.2016.2,2016 Mar 3,NPJ Microgravity,2,,16002,5,2,0,15,
PMC11166937,38862487,25,10.1038/s41467-023-42013-y,2024 Jun 11,Nature Communications,15,,4795,7,0,0,15,
PMC8518694,34250670,8600,10.1111/tpj.15417,2021 Aug 12,The Plant Journal,107,5,1283,6,0,0,0,
PMC11166655,38862517,2024,10.1038/s41526-023-00293-0,2024 Jun 11,NPJ Microgravity,10,,63,2,2,0,15,
PMC3647661,23622517,8600,10.3201/eid1903.121029,2013 Mar,Emerging Infectious Diseases,19,3,431,5,0,0,15,
PMC4427280,25962111,8600,10.1371/journal.pone.0126846,2015 May 11,PLoS ONE,10,5,e0126846,5,1,0,15,GM103532; NASA
PMC10712242,38089794,10,10.3389/fpls.2023.1260429,2023 Nov 27,Frontiers in Plant Science,14,,1260429,6,2,0,15,NASA
PMC7000411,32047838,11,10.1038/s41526-019-0091-2,2020 Feb 4,NPJ Microgravity,6,,4,4,2,0,15,
PMC5515531,28725743,8600,10.1038/npjmgrav.2016.38,2016 Dec 1,NPJ Microgravity,2,,16038,6,2,0,15,
PMC7072278,32045996,0,10.3390/cancers12020381,2020 Feb 7,Cancers,12,2,381,9,1,0,15,NIH; MD007602; NASA
PMC4453782,25883241,8600,10.1104/pp.15.00124,2015 Apr 16,Plant Physiology,168,2,393,5,0,0,15,
PMC10504369,37714858,20,10.1038/s41526-023-00303-1,2023 Sep 15,NPJ Microgravity,9,,76,6,0,0,15,
PMC7235020,32435691,14,10.1038/s41526-020-0105-0,2020 May 18,NPJ Microgravity,6,,15,4,0,0,15,
PMC6599637,30925135,1,10.1667/RR15216.1,2019 Mar 29,Radiation research,191,6,497,6,0,0,15,
PMC7076552,32265943,2020,10.3389/fpls.2020.00147,2020 Mar 4,Frontiers in Plant Science,11,,147,8,1,0,15,NASA
PMC5026643,26055450,8600,10.1016/j.exger.2015.06.007,2015 Jun 6,Experimental gerontology,69,,122,4,0,0,15,
PMC10772081,37938797,19,10.1038/s41431-023-01462-1,2023 Nov 8,European Journal of Human Genetics,32,1,10,4,0,0,15,NASA
PMC8213760,34145277,57,10.1038/s41526-021-00150-y,2021 Jun 18,NPJ Microgravity,7,,23,0,2,0,15,
PMC7599661,33049988,1979,10.3390/life10100235,2020 Oct 8,Life,10,10,235,5,1,0,15,NASA
PMC6462350,30771686,3,10.1016/j.jss.2019.01.038,2019 Feb 13,The Journal of surgical research,238,,164,3,3,0,0,
PMC8086211,33927037,8600,10.1128/MRA.00214-21,2021 Apr 29,Microbiology Resource Announcements,10,17,e00214-21,0,1,0,15,
PMC3665236,23628944,8600,10.3791/50020,2013 Apr 18,Journal of Visualized Experiments : JoVE,,74,50020,1,1,0,15,
PMC8274610,33902391,2015,10.1080/26896583.2021.1885283,2021-01-01,"Journal of environmental science and health. Part C, Toxicology and carcinogenesis",39,2,129,0,0,0,15,
PMC11500582,39464868,43,10.5511/plantbiotechnology.23.1214a,2024 Mar 25,Plant Biotechnology,41,1,35,5,0,0,15,
PMC11166981,38862620,2024,10.1038/s42003-023-05213-2,2024 Jun 11,Communications Biology,7,,692,10,0,0,15,
PMC11470607,39342744,15,10.1016/j.redox.2024.103370,2024 Sep 24,Redox Biology,77,,103370,9,1,0,15,SS2023012
PMC11167060,38862484,3,10.1038/s41467-024-49212-1,2024 Jun 11,Nature Communications,15,,4923,10,0,0,15,
PMC5515506,28725712,8600,10.1038/npjmgrav.2015.7,2015 Jul 30,NPJ Microgravity,1,,15007,5,2,0,0,
PMC3545801,23267097,0,10.1073/pnas.1209793110,2012 Dec 24,Proceedings of the National Academy of Sciences of the United States of America,110,2,666,5,3,0,15,
PMC9617909,36309570,16,10.1038/s41598-022-22691-2,2022 Oct 29,Scientific Reports,12,,18256,6,5,0,15,
PMC11263583,39039045,2024,10.1038/s41467-024-49423-6,2024 Jul 22,Nature Communications,15,,6158,3,0,0,15,
PMC11166952,38862516,4,10.1038/s41467-024-49211-2,2024 Jun 11,Nature Communications,15,,4954,5,2,0,15,
PMC7010715,32117357,2020,10.3389/fpls.2020.00005,2020 Feb 4,Frontiers in Plant Science,11,,5,6,0,0,15,
PMC3242767,22205979,1969,10.1371/journal.pone.0028906,2011 Dec 19,PLoS ONE,6,12,e28906,2,6,0,15,
PMC11477029,39408667,137,10.3390/ijms251910337,2024 Sep 26,International Journal of Molecular Sciences,25,19,10337,4,3,0,15,NASA
PMC10605753,37887314,1,10.3390/cells12202470,2023 Oct 17,Cells,12,20,2470,7,1,0,15,NASA
PMC7677455,33240227,25,10.3389/fmicb.2020.566412,2020 Nov 6,Frontiers in Microbiology,11,,566412,6,2,0,0,
PMC11930778,39566968,1,10.1247/csf.24035,2024 Nov 19,Cell Structure and Function,49,2,123,4,3,0,15,
PMC7467030,33254543,2019,10.1016/j.mehy.2020.110237,2020 Sep 2,Medical Hypotheses,144,,110237,1,1,0,15,
PMC3936501,23802883,8600,10.1089/ars.2012.5134,2014 Mar 20,Antioxidants & Redox Signaling,20,9,1410,8,0,0,15,
PMC9699585,36430810,1,10.3390/ijms232214320,2022 Nov 18,International Journal of Molecular Sciences,23,22,14320,10,0,0,15,NIH; NASA
PMC4682325,26410302,8600,10.1105/tpc.15.00531,2015 Sep 28,The Plant Cell,27,10,2800,6,1,0,15,
PMC4826010,26941089,8600,10.1105/tpc.15.00794,2016 Mar 3,The Plant Cell,28,3,746,12,0,0,15,
PMC8191917,34048506,8600,10.1371/journal.ppat.1009615,2021 May 28,PLoS Pathogens,17,5,e1009615,7,0,0,15,NSF; NIH; NASA
PMC6339989,28962911,8600,10.1016/j.spinee.2017.08.261,2017 Sep 28,The spine journal : official journal of the North American Spine Society,18,1,7,3,1,0,0,
PMC11166911,38862479,2024,10.1038/s41467-024-48916-8,2024 Jun 11,Nature Communications,15,,4778,5,0,0,15,
PMC8953707,35328027,1,10.3390/genes13030473,2022 Mar 8,Genes,13,3,473,6,7,0,15,NASA
PMC11166948,38862545,4,10.1038/s41467-024-49289-8,2024 Jun 11,Nature Communications,15,,4927,10,0,0,15,
PMC3430326,22685280,1,10.1128/JB.00576-12,2012 Sep,Journal of Bacteriology,194,18,4802,3,0,0,15,
PMC5470433,28649584,8600,10.1016/j.dib.2017.05.047,2017 May 31,Data in Brief,13,,253,4,2,0,15,
PMC9144607,35629329,1,10.3390/life12050660,2022 Apr 29,Life,12,5,660,10,12,0,15,NASA
PMC9737020,36499021,1,10.3390/ijms232314694,2022 Nov 24,International Journal of Molecular Sciences,23,23,14694,7,0,0,15,NASA
PMC6013642,29930033,8600,10.1128/genomeA.00476-18,2018 Jun 21,Genome Announcements,6,25,e00476-18,0,0,0,13,
PMC5659752,28889977,8600,10.1016/j.cub.2017.08.019,2017 Sep 7,Current biology : CB,27,18,2869,4,0,0,0,
PMC9701605,36452864,2022,10.1016/j.crmeth.2022.100325,2022 Oct 31,Cell Reports Methods,2,11,100325,2,3,0,0,
PMC6386654,30635418,2019,10.1073/pnas.1817322116,2019 Jan 11,Proceedings of the National Academy of Sciences of the United States of America,116,8,3030,4,0,0,15,
PMC12034070,40297099,2024,10.1016/j.asmr.2024.101022,2024 Oct 10,"Arthroscopy, Sports Medicine, and Rehabilitation",7,2,101022,2,1,0,15,
PMC5116466,27877191,8600,10.3389/fpls.2016.01753,2016 Nov 21,Frontiers in Plant Science,7,,1753,0,0,0,0,
PMC7756144,33376970,2020,10.1016/j.isci.2020.101747,2020 Nov 25,iScience,23,12,101747,9,0,0,0,
PMC3603133,23511048,8600,10.1038/srep01494,2013 Mar 20,Scientific Reports,3,,1494,7,1,0,15,
PMC11222149,38862604,750,10.1038/s41564-024-01635-8,2024 Jun 11,Nature Microbiology,9,7,1661,15,4,0,15,
PMC10848226,38365248,2024,10.1093/ismejo/wrad024,2024 Jan 10,The ISME Journal,18,1,wrad024,2,0,0,15,UCSD 2223669; NSF; NASA
PMC11386075,39256883,85,10.1186/s40168-024-01864-3,2024 Sep 10,Microbiome,12,,171,8,0,0,0,NASA
PMC4290804,25517942,8600,10.1089/ast.2014.1210,2015 Jan 1,Astrobiology,15,1,32,6,2,0,15,
PMC8364238,33881536,8600,10.1093/plcell/koab115,2021 Apr 20,The Plant Cell,33,7,2131,7,0,0,15,NSF; NASA
PMC5568470,28554658,8600,10.1016/j.taap.2017.05.030,2017 May 26,Toxicology and applied pharmacology,331,,101,6,0,0,15,
PMC4398884,25635000,8600,10.1152/japplphysiol.00576.2014,2015 Jan 29,Journal of Applied Physiology,118,8,980,8,5,0,15,
PMC5614317,28829425,8600,10.3791/56142,2017 Aug 15,Journal of Visualized Experiments : JoVE,,126,56142,5,1,0,15,
PMC10027818,36941263,15,10.1038/s41526-023-00247-6,2023 Mar 20,NPJ Microgravity,9,,21,8,2,0,15,
PMC3005423,20930114,1,10.1096/fj.10-170076,2011 Jan,The FASEB Journal,25,1,428,5,0,0,15,
PMC5498037,28678877,8600,10.1371/journal.pone.0180594,2017 Jul 5,PLoS ONE,12,7,e0180594,4,0,0,0,NIH; RE03701; GM109005; NASA
PMC5219934,27062511,8600,10.1111/cmi.12602,2016 May 3,Cellular microbiology,18,11,1642,6,1,0,0,
PMC10142442,37112839,18,10.3390/v15040859,2023 Mar 28,Viruses,15,4,859,4,1,0,15,NASA
PMC2925951,20808807,10,10.1371/journal.pone.0012348,2010 Aug 23,PLoS ONE,5,8,e12348,8,8,0,0,
PMC5771473,29191939,8600,10.1530/JOE-17-0524,2017 Nov 30,The Journal of endocrinology,236,2,57,6,0,0,15,
PMC7484075,32912916,26,10.1128/MRA.00817-20,2020 Sep 10,Microbiology Resource Announcements,9,37,e00817-20,0,1,0,15,
PMC10233975,37264385,46,10.1186/s40168-023-01545-7,2023 Jun 1,Microbiome,11,,125,4,6,0,0,
PMC5114340,27609032,3,,2016 Sep,Journal of Musculoskeletal & Neuronal Interactions,16,3,174,5,1,0,15,
PMC10926278,38465711,2024,10.14814/phy2.15978,2024 Mar 11,Physiological Reports,12,5,e15978,0,0,0,0,
PMC7890410,33659873,8600,10.1016/j.isci.2021.102105,2021 Jan 29,iScience,24,2,102105,7,0,0,0,
PMC7138367,31730829,131,10.1016/j.bone.2019.115152,2019 Nov 12,Bone,131,,115152,5,1,0,15,
PMC7998608,33806638,8600,10.3390/cells10030560,2021 Mar 4,Cells,10,3,560,9,2,0,15,
PMC11088941,33232584,16,10.1002/cpmc.129,2020 Dec,Current protocols in microbiology,59,1,e129,8,2,0,15,
PMC9108708,35577935,19,10.1038/s41431-022-01108-8,2022 May 16,European Journal of Human Genetics,30,8,889,4,0,0,15,NASA
PMC7530743,33004810,8600,10.1038/s41598-020-73002-6,2020 Oct 1,Scientific Reports,10,,16190,10,2,0,15,
PMC3982735,24596331,8600,10.1104/pp.113.233528,2014 Mar 4,Plant Physiology,164,4,1707,8,0,0,15,
PMC8220224,34179686,37,10.1093/pcmedi/pbab012,2021 May 17,Precision Clinical Medicine,4,2,93,5,2,0,15,
PMC8024390,29088549,8600,10.1089/ast.2016.1538,2017 Nov 1,Astrobiology,17,11,1077,7,11,0,15,
PMC4152162,24744382,8600,10.1152/japplphysiol.01174.2013,2014 Apr 17,Journal of Applied Physiology,116,12,1593,2,0,0,15,
PMC3067220,21169425,167,10.1128/AEM.01582-10,2010 Dec 17,Applied and Environmental Microbiology,77,4,1221,2,3,0,15,
PMC10261121,37308480,2021,10.1038/s41526-023-00292-1,2023 Jun 12,NPJ Microgravity,9,,43,2,0,0,15,
PMC4379453,25817711,2,10.1530/JOE-14-0514,2015 Apr,The Journal of endocrinology,225,1,47,7,4,0,15,
PMC2897429,20435763,8600,10.1128/AEM.03065-09,2010 Apr 30,Applied and Environmental Microbiology,76,13,4136,5,0,0,15,
PMC10780891,38202381,100,10.3390/plants13010073,2023 Dec 25,Plants,13,1,73,15,4,0,15,FGUM-2022
PMC5648920,28821547,8600,10.1128/AEM.01584-17,2017 Oct 17,Applied and Environmental Microbiology,83,21,e01584-17,5,3,0,15,
PMC9163032,35654945,1,10.1038/s41526-022-00203-w,2022 Jun 2,NPJ Microgravity,8,,18,3,1,0,15,
PMC6275019,30469384,0,10.3390/ijms19113689,2018 Nov 21,International Journal of Molecular Sciences,19,11,3689,6,7,0,15,MO 2243; NASA
PMC6343501,30342287,21,10.1016/j.actbio.2018.10.024,2018 Oct 17,Acta biomaterialia,83,,302,6,2,0,15,
PMC11353732,39202335,3,10.3390/genes15080975,2024 Jul 24,Genes,15,8,975,7,4,0,15,NASA
PMC5018776,27551073,8600,10.1073/pnas.1613046113,2016 Aug 22,Proceedings of the National Academy of Sciences of the United States of America,113,36,E5364,0,0,0,0,
PMC4494396,26487415,8600,10.3390/ani3020513,2013 Jun 6,Animals : an Open Access Journal from MDPI,3,2,513,2,5,0,15,
PMC5810432,29359999,8600,10.1089/lrb.2017.0032,2018 Feb 1,Lymphatic Research and Biology,16,1,56,6,0,0,15,
PMC8816950,35121798,3,10.1038/s41598-022-05734-6,2022 Feb 4,Scientific Reports,12,,1938,3,1,0,15,
PMC6213004,30274169,90,10.3390/ijms19102961,2018 Sep 28,International Journal of Molecular Sciences,19,10,2961,6,1,0,15,NASA
PMC10020673,36938359,2023,10.1016/j.bioflm.2023.100108,2023 Mar 2,Biofilm,5,,100108,7,3,0,15,NASA
PMC4923109,27446039,8600,10.3389/fmicb.2016.00999,2016 Jun 28,Frontiers in Microbiology,7,,999,3,3,0,15,
PMC7667275,33224136,2020,10.3389/fimmu.2020.564950,2020 Nov 2,Frontiers in Immunology,11,,564950,5,0,0,15,NASA
PMC8396460,34445793,53,10.3390/ijms22169088,2021 Aug 23,International Journal of Molecular Sciences,22,16,9088,3,2,0,15,RAD2004; NASA
PMC11166946,38862573,4,10.1038/s41598-024-57948-5,2024 Jun 11,Scientific Reports,14,,13098,8,2,0,15,
PMC4150462,25225498,8600,10.3389/fpls.2014.00425,2014 Sep 1,Frontiers in Plant Science,5,,425,1,0,0,0,
PMC12008199,40251159,1,10.1038/s41467-025-59047-z,2025 Apr 19,Nature Communications,16,,3712,8,0,0,15,
PMC8005752,33790880,8600,10.3389/fmicb.2021.639396,2021 Mar 15,Frontiers in Microbiology,12,,639396,4,5,0,15,
PMC10996920,34433623,3,10.4049/immunohorizons.2100056,2021 Aug 25,ImmunoHorizons,5,8,675,9,2,0,15,
PMC6280456,30514368,1,10.1186/s40168-018-0609-y,2018 Dec 4,Microbiome,6,,214,0,0,0,0,
PMC6222041,30417036,3,10.1016/j.bonr.2018.10.002,2018 Oct 27,Bone Reports,9,,165,6,6,0,15,
PMC3187170,21803898,1,10.1128/AEM.00175-11,2011 Sep,Applied and Environmental Microbiology,77,18,6368,7,2,0,15,
PMC11166969,38862464,4,10.1038/s41467-024-48841-w,2024 Jun 11,Nature Communications,15,,4862,6,0,0,15,
PMC11094041,38744887,4,10.1038/s41526-024-00393-5,2024 May 14,NPJ Microgravity,10,,56,4,0,0,15,
PMC11888247,40060518,2,10.1101/2025.02.25.640044,2025 Feb 25,bioRxiv,,,2025.02.25.640044,8,0,0,15,
PMC5866446,29025901,8600,10.1152/japplphysiol.00459.2017,2017 Oct 12,Journal of Applied Physiology,124,1,140,7,3,0,15,
PMC10414970,37449525,488,10.7554/eLife.85193,2023 Jul 14,eLife,12,,e85193,15,0,0,15,
PMC4945788,27417828,8600,10.1128/genomeA.00553-16,2016 Jul 14,Genome Announcements,4,4,e00553-16,0,0,0,15,
PMC10063413,37007217,22,10.1016/j.bonr.2023.101675,2023 Mar 21,Bone Reports,18,,101675,7,0,0,15,
PMC5443495,28542224,8600,10.1371/journal.pone.0174174,2017 May 24,PLoS ONE,12,5,e0174174,5,4,0,15,NASA
PMC2998437,21151884,100,10.1371/journal.pbio.1000555,2010 Dec 7,PLoS Biology,8,12,e1000555,5,6,0,15,
PMC5286820,28143395,8600,10.1186/s12870-017-0975-9,2017 Feb 1,BMC Plant Biology,17,,31,5,1,0,0,NASA
PMC5826609,29475521,8600,10.1016/j.lssr.2017.11.003,2017 Dec 2,Life sciences in space research,16,,63,8,5,0,15,
PMC8539686,34685382,5,10.3390/life11101010,2021 Sep 24,Life,11,10,1010,7,2,0,15,NASA
PMC6372189,30753230,20,10.1371/journal.pone.0211897,2019 Feb 12,PLoS ONE,14,2,e0211897,3,1,0,15,CUNY 61298; NSF; NSF 0618233; NASA
PMC8879990,35207432,80,10.3390/life12020144,2022 Jan 19,Life,12,2,144,7,3,0,15,NASA
PMC9293686,35570697,60,10.1089/scd.2022.0037,2022 Jul 6,Stem Cells and Development,31,13-14,346,4,0,0,15,
PMC8044432,33870146,8600,10.1016/j.isci.2021.102361,2021 Mar 26,iScience,24,4,102361,7,3,0,0,
PMC10284894,37344487,22,10.1038/s41526-023-00285-0,2023 Jun 21,NPJ Microgravity,9,,47,4,0,0,15,
PMC10470837,37664111,2023,10.3389/fmicb.2023.1215529,2023 Aug 17,Frontiers in Microbiology,14,,1215529,3,0,0,15,
PMC10487739,37686374,2,10.3390/ijms241713569,2023 Sep 1,International Journal of Molecular Sciences,24,17,13569,6,2,0,15,NASA
PMC9576569,36267920,1,10.1016/j.isci.2022.105213,2022 Sep 24,iScience,25,10,105213,5,1,0,0,
PMC6204554,30405430,1,10.3389/fphys.2018.01469,2018 Oct 22,Frontiers in Physiology,9,,1469,11,2,0,15,
PMC7787258,33242407,1,10.1016/j.celrep.2020.108445,2020 Nov 25,Cell reports,33,10,108445,4,4,0,0,
PMC6889863,31850027,1,10.3389/fpls.2019.01529,2019 Nov 26,Frontiers in Plant Science,10,,1529,5,0,0,15,BES-2013; AYA2012; BES-2016; ESA; LSRA2009; NASA; ESP2015
PMC5748516,27507239,8600,10.1007/s00425-016-2581-8,2016 Aug 9,Planta,244,6,1201,9,3,0,15,
PMC11166909,38862494,4,10.1038/s41467-024-48625-2,2024 Jun 11,Nature Communications,15,,4773,5,0,0,15,
PMC4964660,27467019,8600,10.1038/srep29901,2016 Jul 28,Scientific Reports,6,,29901,5,3,0,15,
PMC3092937,21279680,5,10.1007/s10528-010-9411-7,2011 Jan 30,Biochemical Genetics,49,5,329,7,5,0,15,
PMC3289768,22206349,1,10.1021/nn203703j,2012 Jan 6,ACS Nano,6,2,1134,6,1,0,15,
PMC7943786,33750813,8600,10.1038/s41526-021-00136-w,2021 Mar 9,NPJ Microgravity,7,,9,2,0,0,15,NASA
PMC3838407,24396537,8600,10.1063/1.4829777,2013 Nov 6,Biomicrofluidics,7,6,064103,7,0,0,15,
PMC12034939,40297318,2025,10.1002/ece3.71371,2025 Apr 28,Ecology and Evolution,15,4,e71371,2,0,0,15,
PMC5821596,28827451,8600,10.3732/ajb.1700079,2017 Aug,American journal of botany,104,8,1219,4,6,0,0,
PMC11166662,38862509,4,10.1038/s41467-024-48806-z,2024 Jun 11,Nature Communications,15,,4964,9,0,0,15,
PMC11487192,39420071,89,10.1038/s42003-024-07042-3,2024 Oct 17,Communications Biology,7,,1342,10,0,0,15,
PMC3133089,21398541,1625,10.1128/JB.01335-10,2011 May,Journal of Bacteriology,193,9,2208,9,1,0,15,
PMC11324864,39143086,48,10.1038/s41526-024-00424-1,2024 Aug 14,NPJ Microgravity,10,,85,9,0,0,15,
PMC11022651,38634106,4,10.1093/pcmedi/pbae007,2024 Apr 8,Precision Clinical Medicine,7,1,pbae007,4,0,0,0,
PMC12040010,40295272,50,10.1097/MD.0000000000042125,2025 Apr 25,Medicine,104,17,e42125,3,3,0,0,
PMC5454470,28228581,8600,10.1152/jn.00240.2016,2017 Feb 22,Journal of Neurophysiology,117,6,2163,9,3,0,15,
PMC5578834,28860236,8600,10.1128/genomeA.00696-17,2017 Aug 31,Genome Announcements,5,35,e00696-17,0,0,0,15,
PMC6689164,31399081,16,10.1186/s40168-019-0724-4,2019 Aug 9,Microbiome,7,,113,4,0,0,0,NASA
PMC11271499,39030182,2,10.1038/s41526-024-00419-y,2024 Jul 19,NPJ Microgravity,10,,78,3,0,0,15,
PMC7382458,32709938,20,10.1038/s41598-020-69188-4,2020 Jul 24,Scientific Reports,10,,12399,5,2,0,15,
PMC5910807,29618610,8600,10.1073/pnas.1706754115,2018 Apr 4,Proceedings of the National Academy of Sciences of the United States of America,115,16,E3616,11,16,0,15,
PMC7118179,32241853,95,10.1128/MRA.00003-20,2020 Apr 2,Microbiology Resource Announcements,9,14,e00003-20,0,1,0,15,
PMC6952069,31629686,31,10.1016/j.cels.2019.09.004,2019 Oct 16,Cell systems,9,6,600,2,2,0,0,
PMC11126634,38789478,2000,10.1038/s41598-024-62191-z,2024 May 24,Scientific Reports,14,,11858,5,0,0,15,
PMC4618186,26149756,8600,10.1016/j.pbi.2015.05.016,2015 Jul 5,Current opinion in plant biology,27,,59,2,0,0,15,
PMC9695374,36362993,68,10.3390/life12111838,2022 Nov 9,Life,12,11,1838,7,0,0,15,NIH; NASA
PMC4631774,26232415,8600,10.1242/jeb.118729,2015 Oct,The Journal of Experimental Biology,218,19,3002,4,0,0,15,
PMC5389344,28402337,8600,10.1038/srep46325,2017 Apr 12,Scientific Reports,7,,46325,7,0,0,15,
PMC4042434,23954507,8600,10.1016/j.bone.2013.08.002,2013 Aug 14,Bone,57,1,164,4,2,0,15,
PMC4917201,26487675,9,10.1530/JOE-15-0280,2015 Oct 20,The Journal of endocrinology,227,3,129,4,2,0,15,
PMC4187166,25370197,8600,10.3390/life4020250,2014 May 26,Life : Open Access Journal,4,2,250,2,0,0,15,
PMC9487896,35788318,2,10.1093/glycob/cwac042,2022 Jul 5,Glycobiology,32,10,849,3,1,0,15,NIH; GM 1110
PMC9640571,36344513,2018,10.1038/s41526-022-00241-4,2022 Nov 7,NPJ Microgravity,8,,50,7,1,0,15,
PMC9410522,36013347,18,10.3390/life12081168,2022 Jul 31,Life,12,8,1168,5,0,0,15,NASA
PMC4462657,25016531,8600,10.1093/gerona/glu090,2014 Jul 11,The Journals of Gerontology Series A: Biological Sciences and Medical Sciences,70,5,533,7,0,0,15,AR054084; NASA
PMC3792163,24116253,8600,10.1371/annotation/e66bdc4e-2409-4582-b163-7bc182db275e,2013 Sep 27,PLoS ONE,8,9,10.1371/annotation/e66bdc4e-2409-4582-b163-7bc182db275e,0,0,0,0,
PMC4624184,26502721,8600,10.1186/s40168-015-0116-3,2015 Oct 27,Microbiome,3,,50,4,4,0,0,
PMC10846184,38230938,11,10.1128/spectrum.01144-23,2024 Jan 17,Microbiology Spectrum,12,2,e01144-23,5,1,0,15,
PMC10813126,38247888,3,10.3390/bioengineering11010011,2023 Dec 22,Bioengineering,11,1,11,9,0,0,15,NIH; NASA
PMC9502502,36143436,5,10.3390/life12091399,2022 Sep 8,Life,12,9,1399,11,9,0,15,
PMC3012082,21206750,8600,10.1371/journal.pone.0015750,2010 Dec 29,PLoS ONE,5,12,e15750,5,0,0,15,
PMC7996555,33668919,8600,10.3390/genes12030337,2021 Feb 25,Genes,12,3,337,8,9,0,15,NASA
PMC3947616,24253789,8600,10.1097/BRS.0000000000000114,2014 Feb 1,Spine,39,3,243,6,2,0,0,
PMC5580210,28863784,8600,10.1186/s40168-017-0330-2,2017 Sep 1,Microbiome,5,,111,1,0,0,0,
PMC5865701,29581875,8600,10.18632/oncotarget.24461,2018 Feb 12,Oncotarget,9,18,14692,5,0,0,15,
PMC10386755,37513002,1996,10.3390/microorganisms11071830,2023 Jul 18,Microorganisms,11,7,1830,4,0,0,15,DEB-1441715; DEB-1441677; DEB-1441604
PMC4378170,25673778,8600,10.1104/pp.114.255943,2015 Feb 11,Plant Physiology,167,4,1296,7,0,0,15,
PMC6124165,30283882,1,10.1002/jbm4.10012,2017 Oct 9,JBMR Plus,1,2,66,3,2,0,15,
PMC3457586,22851751,2,10.1128/IAI.00670-12,2012 Oct,Infection and Immunity,80,10,3576,9,1,0,15,
PMC10370681,37494371,4,10.1371/journal.pone.0288290,2023 Jul 26,PLOS ONE,18,7,e0288290,5,0,0,15,
PMC9549344,32645312,89,10.1016/j.jmb.2020.06.024,2020 Jul 6,Journal of molecular biology,432,17,4799,10,1,0,15,
PMC11046949,38664855,71,10.1186/s12985-024-02374-2,2024 Apr 25,Virology Journal,21,,95,6,0,0,0,
PMC11167097,38862512,2021,10.1038/s41467-024-48633-2,2024 Jun 11,Nature Communications,15,,4780,0,0,0,0,
PMC3503204,23112188,8600,10.1073/pnas.1213931109,2012 Oct 29,Proceedings of the National Academy of Sciences of the United States of America,109,46,19015,4,0,0,15,
PMC9098231,30539259,12001,10.1007/s00253-018-9525-0,2018 Dec 12,Applied microbiology and biotechnology,103,3,1363,3,3,0,15,
PMC3177255,21521696,41,10.1104/pp.110.168963,2011 Apr 26,Plant Physiology,156,2,514,8,1,0,15,
PMC10422843,37568226,2020,10.1186/s43008-023-00119-4,2023 Aug 11,IMA Fungus,14,,15,7,0,0,15,
PMC3747666,23976804,8600,10.1016/j.actaastro.2012.04.003,2012 Apr 23,Acta astronautica,92,1,89,7,1,0,15,
PMC7940393,33686090,8600,10.1038/s41526-021-00138-8,2021 Mar 8,NPJ Microgravity,7,,8,7,0,0,15,
PMC9784906,36557243,1,10.3390/metabo12121205,2022 Dec 1,Metabolites,12,12,1205,4,0,0,15,PRIN 2017; GGP19146; CN00000041; RF-2019
PMC9865768,36678491,36,10.3390/pathogens12010143,2023 Jan 14,Pathogens,12,1,143,5,0,0,15,
PMC10264680,37324680,70,10.3389/fpls.2023.1171957,2023 May 31,Frontiers in Plant Science,14,,1171957,4,2,0,15,DMS-1555072; DMS-1821233; DMS-1736364
PMC10789781,38225252,8,10.1038/s41598-024-51756-7,2024 Jan 15,Scientific Reports,14,,1324,4,0,0,15,
PMC9146534,35630155,50,10.3390/mi13050688,2022 Apr 28,Micromachines,13,5,688,6,1,0,15,
PMC7733874,33336201,2020,10.1016/j.patter.2020.100148,2020 Nov 25,Patterns,1,9,100148,2,1,0,0,
PMC8113475,33976230,8600,10.1038/s41526-021-00143-x,2021 May 11,NPJ Microgravity,7,,15,6,0,0,15,
PMC8886715,35252734,1,10.1021/acsomega.2c00113,2022 Feb 22,ACS Omega,7,9,8150,4,6,0,15,
PMC8099722,33995915,8600,10.1016/j.csbj.2021.03.040,2021 Apr 23,Computational and Structural Biotechnology Journal,19,,2223,6,0,0,15,RGPIN-2017
PMC6387434,30717456,57,10.3390/ijms20030661,2019 Feb 3,International Journal of Molecular Sciences,20,3,661,7,1,0,15,NASA
PMC11451251,39363369,20,10.1186/s40168-024-01916-8,2024 Oct 4,Microbiome,12,,190,7,1,0,0,
PMC3856860,24056176,8600,10.1016/j.bone.2013.09.003,2013 Sep 19,Bone,57,2,10.1016/j.bone.2013.09.003,5,4,0,15,
PMC7828077,33445483,8600,10.3390/life11010042,2021 Jan 12,Life,11,1,42,4,1,0,15,NSF; NASA
PMC4647464,26516084,8600,10.1261/rna.053934.115,2015 Dec,RNA,21,12,2103,7,0,0,15,
PMC4902601,27208234,8600,10.1104/pp.16.00173,2016 Apr 4,Plant Physiology,171,2,833,12,1,0,15,
PMC10390562,37524737,1,10.1038/s41526-023-00295-y,2023 Jul 31,NPJ Microgravity,9,,59,1,0,0,15,
PMC9445043,36064795,1,10.1038/s41526-022-00226-3,2022 Sep 6,NPJ Microgravity,8,,38,5,0,0,15,
PMC7555797,32942630,3,10.3390/ijms21186762,2020 Sep 15,International Journal of Molecular Sciences,21,18,6762,4,1,0,15,
PMC8537831,34685431,16,10.3390/life11101060,2021 Oct 9,Life,11,10,1060,12,4,0,15,NASA
PMC11748630,39824847,2025,10.1038/s41598-024-81394-y,2025 Jan 18,Scientific Reports,15,,2363,7,10,0,15,
PMC3869332,24285647,8600,10.1128/genomeA.00985-13,2013 Nov 27,Genome Announcements,1,6,e00985-13,0,0,0,13,
PMC6426649,30944876,3,10.1128/mSystems.00345-18,2019 Mar 19,mSystems,4,2,e00345-18,7,1,0,15,
PMC9139491,35634164,1,10.3389/fphys.2022.893025,2022 May 13,Frontiers in Physiology,13,,893025,3,1,0,15,GM103652; NASA
PMC4750446,26867002,8600,10.1038/srep21343,2016 Feb 11,Scientific Reports,6,,21343,7,2,0,15,
PMC6529585,31156574,8600,10.3389/fmicb.2019.01013,2019 May 15,Frontiers in Microbiology,10,,1013,6,9,0,15,
PMC11988870,40243850,3,10.3390/ijms26073058,2025 Mar 27,International Journal of Molecular Sciences,26,7,3058,4,1,0,15,
PMC12031868,40278861,1,10.1007/s00221-025-07090-z,2025 Apr 25,Experimental Brain Research,243,5,127,4,1,0,15,
PMC9862956,36676149,3,10.3390/life13010200,2023 Jan 10,Life,13,1,200,6,0,0,15,OD010440; NIH; NASA
PMC5515514,28725730,8600,10.1038/npjmgrav.2016.16,2016 Apr 28,NPJ Microgravity,2,,16016,4,0,0,15,
PMC11747068,39833543,3,10.1007/s00018-024-05572-x,2025 Jan 21,Cellular and Molecular Life Sciences: CMLS,82,1,50,7,0,0,0,
PMC4187989,25070093,8600,10.1128/AAC.03683-14,2014 Oct,Antimicrobial Agents and Chemotherapy,58,10,5964,7,1,0,15,
PMC10432549,37587131,316,10.1038/s41526-023-00316-w,2023 Aug 16,NPJ Microgravity,9,,66,9,1,0,15,
PMC8217198,33892174,8600,10.1016/j.bone.2021.115970,2021 Apr 21,Bone,149,,115970,3,0,0,15,
PMC5201052,28034853,8600,10.1128/genomeA.01263-16,2016 Dec 29,Genome Announcements,4,6,e01263-16,0,1,0,15,
PMC3911009,24123749,8600,10.1128/AEM.03136-13,2014 Jan,Applied and Environmental Microbiology,80,1,104,4,1,0,15,
PMC11998595,40236754,1,10.3389/ti.2025.14565,2025 Apr 1,Transplant International,38,,14565,1,0,0,15,
PMC4135744,24878601,8600,10.1128/AEM.00885-14,2014 Aug,Applied and Environmental Microbiology,80,16,4788,3,2,0,15,
PMC10793275,38038463,5,10.1128/MRA.00345-23,2023 Dec 1,Microbiology Resource Announcements,13,1,e00345-23,1,1,0,15,
PMC4110898,23791778,8600,10.1016/j.bone.2013.06.009,2013 Jun 20,Bone,56,2,290,4,0,0,15,
PMC7870178,33242417,8600,10.1016/j.cell.2020.11.002,2020 Nov 25,Cell,183,5,1185,7,2,0,0,
PMC7055474,32174893,20,10.3389/fmicb.2020.00167,2020 Feb 25,Frontiers in Microbiology,11,,167,5,2,0,15,
PMC7756143,33376967,1,10.1016/j.isci.2020.101733,2020 Nov 25,iScience,23,12,101733,7,3,0,0,
PMC5817088,29491852,8600,10.3389/fmicb.2018.00192,2018 Feb 14,Frontiers in Microbiology,9,,192,5,6,0,15,
PMC4321547,25403917,8600,10.1093/jxb/eru444,2014 Nov 16,Journal of Experimental Botany,66,3,853,6,1,0,15,
PMC11579474,39567640,1,10.1038/s41598-024-79315-0,2024 Nov 20,Scientific Reports,14,,28774,5,0,0,15,
PMC7303416,32554796,2020,10.1128/MRA.00578-20,2020 Jun 18,Microbiology Resource Announcements,9,25,e00578-20,0,1,0,15,
PMC7414185,32690691,2,10.1073/pnas.2004183117,2020 Jul 20,Proceedings of the National Academy of Sciences of the United States of America,117,31,18849,6,0,0,15,
PMC5397022,28423006,8600,10.1371/journal.pone.0175943,2017 Apr 19,PLoS ONE,12,4,e0175943,2,1,0,15,NASA
PMC4985531,27579023,8600,10.3389/fendo.2016.00110,2016 Aug 16,Frontiers in Endocrinology,7,,110,3,2,0,15,NIH; AR060913; NASA; USDA 38420
PMC6753329,31572207,30,10.3389/fphys.2019.01147,2019 Sep 13,Frontiers in Physiology,10,,1147,10,0,0,15,
PMC9583032,36277820,2022,10.1016/j.patter.2022.100550,2022 Jul 30,Patterns,3,10,100550,4,2,0,0,
PMC11166967,38862781,50,10.1038/s43856-024-00532-9,2024 Jun 11,Communications Medicine,4,,106,9,0,0,0,
PMC3639165,23658630,8600,10.1371/journal.pone.0062437,2013 Apr 29,PLoS ONE,8,4,e62437,4,2,0,15,NASA
PMC7317102,32586865,2020,10.1128/MRA.00504-20,2020 Jun 25,Microbiology Resource Announcements,9,26,e00504-20,0,1,0,15,
PMC2991213,20673022,8600,10.1089/ten.tea.2010.0190,2010 Sep 3,Tissue Engineering. Part A,16,12,3709,4,3,0,15,
PMC11127935,38796644,2024,10.1038/s42003-024-06336-w,2024 May 25,Communications Biology,7,,633,6,0,0,15,
PMC11166943,38862505,2024,10.1038/s41467-024-47237-0,2024 Jun 11,Nature Communications,15,,4952,3,0,0,15,
PMC4490751,25734366,8600,10.1089/jir.2014.0152,2015 Jun 1,Journal of Interferon & Cytokine Research,35,6,480,5,0,0,15,
PMC8875396,35205919,10,10.3390/jof8020165,2022 Feb 8,Journal of Fungi,8,2,165,5,3,0,15,NASA; OPP1151054
PMC9605285,36294919,2013,10.3390/life12101484,2022 Sep 24,Life,12,10,1484,2,0,0,15,RTI2018; ESP2015; ESA; NASA
PMC7285199,32443669,1,10.3390/nu12051482,2020 May 20,Nutrients,12,5,1482,5,0,0,15,AT 8879; AG051995; NIH; NASA
PMC3509447,23213450,2,10.1242/bio.2012687,2012 Apr 30,Biology Open,1,6,570,5,0,0,0,
PMC3251573,22238616,8600,10.1371/journal.pone.0029481,2012 Jan 4,PLoS ONE,7,1,e29481,6,3,0,15,
PMC8412175,34484810,1,10.3390/app9194042,2019 Sep 27,"Applied sciences (Basel, Switzerland)",9,19,4042,6,0,0,15,
PMC7415877,32267726,20,10.1089/ast.2019.2181,2020 Aug 6,Astrobiology,20,8,935,8,2,0,15,
PMC5488280,26852281,8600,10.1002/jbmr.2807,2016 Mar 22,Journal of bone and mineral research : the official journal of the American Society for Bone and Mineral Research,31,7,1356,8,0,0,15,
PMC9964234,36836933,10,10.3390/life13020576,2023 Feb 18,Life,13,2,576,2,5,0,15,
PMC7029147,32071276,1,10.1128/mBio.03415-19,2020 Feb 18,mBio,11,1,e03415-19,6,0,0,15,
PMC5421618,27189604,8600,10.1007/s00198-016-3634-3,2016 May 17,Osteoporosis international : a journal established as result of cooperation between the European Foundation for Osteoporosis and the National Osteoporosis Foundation of the USA,27,10,3091,4,1,0,0,
PMC4309301,25654107,8600,10.1155/2015/475935,2015 Jan 13,BioMed Research International,2015,,475935,7,3,0,15,
PMC2915878,20647369,4,10.1242/jcs.066589,2010 Jul 20,Journal of Cell Science,123,16,2763,7,0,0,15,
PMC8400407,34440593,57,10.3390/life11080849,2021 Aug 19,Life,11,8,849,5,1,0,15,NASA
PMC10751425,37722921,8600,10.1002/jcsm.13335,2023 Sep 18,"Journal of Cachexia, Sarcopenia and Muscle",14,6,2613,5,0,0,0,
PMC9023564,35449136,2022,10.1038/s41467-022-29694-7,2022 Apr 21,Nature Communications,13,,2172,5,0,0,15,
PMC10831389,38314043,120,10.1016/j.smhs.2023.09.002,2023 Sep 12,Sports Medicine and Health Science,5,4,319,5,0,0,15,
PMC5491145,28662188,8600,10.1371/journal.pone.0180186,2017 Jun 29,PLoS ONE,12,6,e0180186,7,0,0,15,GA-2013
PMC4052902,24966862,8600,10.3389/fpls.2014.00267,2014 Jun 11,Frontiers in Plant Science,5,,267,6,2,0,15,
PMC10410709,37523525,2,10.1073/pnas.2216141120,2023 Jul 31,Proceedings of the National Academy of Sciences of the United States of America,120,32,e2216141120,6,1,0,15,
PMC7358545,32733502,1,10.3389/fpls.2020.00910,2020 Jul 7,Frontiers in Plant Science,11,,910,9,0,0,15,
PMC7987364,33325797,8600,10.1089/ast.2020.2313,2021 Mar 10,Astrobiology,21,3,367,7,0,0,15,
PMC8133610,33793939,8600,10.1093/plphys/kiaa098,2021 Jan 7,Plant Physiology,185,3,694,3,1,0,15,MCB2016177; IOS1557899
PMC5047659,27510974,8600,10.1242/dev.136234,2016 Sep 15,"Development (Cambridge, England)",143,18,3382,6,0,0,15,
PMC7393961,32732232,28,10.1128/MRA.00570-20,2020 Jul 30,Microbiology Resource Announcements,9,31,e00570-20,0,1,0,15,
PMC5288125,28057869,8600,10.1530/JOE-16-0484,2017 Jan 5,The Journal of endocrinology,232,3,461,4,4,0,15,
PMC8183356,33979621,8600,10.1016/j.celrep.2021.109098,2021 May 11,Cell reports,35,6,109098,6,1,0,0,
PMC9389742,35982413,2022,10.1186/s12866-022-02614-x,2022 Aug 18,BMC Microbiology,22,,202,8,2,0,0,MCS-006063; NASA
PMC3981873,24180465,8600,10.1111/tpj.12373,2013 Dec 3,The Plant journal : for cell and molecular biology,77,1,97,6,0,0,0,
PMC11484870,39414932,2024,10.1038/s42003-024-07022-7,2024 Oct 16,Communications Biology,7,,1339,0,0,0,0,
PMC6337482,30577490,135,10.3390/ijms20010007,2018 Dec 20,International Journal of Molecular Sciences,20,1,7,0,3,0,15,NASA
PMC5460239,28649636,8600,10.1038/s41526-017-0019-7,2017 May 10,NPJ Microgravity,3,,14,0,2,0,15,
PMC4385880,25593287,10,10.1152/japplphysiol.00976.2014,2015 Jan 15,Journal of Applied Physiology,118,7,830,5,2,0,15,
PMC4228280,24192060,8600,10.1186/1471-2180-13-241,2013 Nov 6,BMC Microbiology,13,,241,5,1,0,0,
PMC8493566,34612585,1979,10.14814/phy2.15042,2021 Oct 6,Physiological Reports,9,19,e15042,5,2,0,15,
PMC8441986,33242410,125,10.1016/j.celrep.2020.108448,2020 Nov 25,Cell reports,33,10,108448,7,1,0,0,
PMC5460135,28649626,8600,10.1038/s41526-016-0006-4,2017 Jan 12,NPJ Microgravity,3,,4,6,1,0,15,
PMC7516158,32972947,2020,10.1128/MRA.00942-20,2020 Sep 24,Microbiology Resource Announcements,9,39,e00942-20,0,1,0,15,
PMC5666799,28994728,8600,10.3390/ijms18102117,2017 Oct 10,International Journal of Molecular Sciences,18,10,2117,7,3,0,15,
PMC6348315,30705745,1,10.1093/aobpla/ply075,2018 Dec 15,AoB Plants,11,1,ply075,10,0,0,15,
PMC4340379,25411250,1,10.1074/jbc.M114.611780,2014 Nov 19,The Journal of Biological Chemistry,290,3,1308,10,1,0,15,
PMC7339929,32695017,2,10.3389/fphys.2020.00675,2020 Jun 30,Frontiers in Physiology,11,,675,5,2,0,15,
PMC6865368,31590144,57,10.1530/EC-19-0359,2019 Oct 7,Endocrine Connections,8,11,1455,4,2,0,15,DK112360; NIH; AR060913; NASA
PMC9111996,35592661,1,10.1016/j.heliyon.2022.e09379,2022 May 4,Heliyon,8,5,e09379,4,3,0,15,NASA
PMC8890767,35237922,19,10.1007/s11095-022-03191-4,2022 Mar 2,Pharmaceutical Research,39,3,541,7,1,0,0,
PMC3615599,23349454,8600,10.1152/japplphysiol.01358.2012,2013 Jan 24,Journal of Applied Physiology,114,6,808,5,4,0,15,
PMC6945029,31676506,300,10.1534/g3.119.400349,2019 Nov 1,G3: Genes|Genomes|Genetics,10,1,1,3,3,0,15,
PMC5677518,28112437,8600,10.1111/tpj.13492,2017 Mar 30,The Plant journal : for cell and molecular biology,90,4,698,3,0,0,0,
PMC6366624,30740592,3,,2018 Aug 30,FASEB bioAdvances,1,1,6,5,5,0,15,
PMC11831363,39960155,2024,10.1093/gbe/evaf018,2025 Feb 17,Genome Biology and Evolution,17,2,evaf018,0,0,0,0,
PMC3508904,22874845,4,10.4161/chan.20756,2012 Jul 1,Channels,6,4,255,5,0,0,15,
PMC9400218,35999570,1,10.1186/s40168-022-01332-w,2022 Aug 24,Microbiome,10,,134,5,0,0,0,NIH; ESA; NASA
PMC8450295,34585163,2021,10.1016/j.xpro.2021.100830,2021 Sep 14,STAR Protocols,2,4,100830,7,10,0,0,
PMC11659408,39702444,20,10.1038/s41526-024-00450-z,2024 Dec 19,NPJ Microgravity,10,,110,10,1,0,15,
PMC6137544,26085131,8600,10.1096/fj.15-275073,2015 Jun 17,The FASEB Journal,29,10,4122,6,0,0,15,
PMC7733933,33329661,50,10.3389/fpls.2020.597731,2020 Nov 30,Frontiers in Plant Science,11,,597731,11,0,0,15,
PMC6359015,30658467,2,10.3390/ijms20020390,2019 Jan 17,International Journal of Molecular Sciences,20,2,390,6,3,0,15,
PMC9031868,35454986,1,10.3390/life12040495,2022 Mar 28,Life,12,4,495,2,1,0,15,NASA 2020; NASA
PMC9706465,35972350,1,10.1093/plphys/kiac375,2022 Aug 16,Plant Physiology,190,4,2617,8,1,0,15,NSF; AI149201; MCB2016177; NASA
PMC3190158,21739498,2011,10.1002/pro.686,2011 Jul 7,Protein Science : A Publication of the Protein Society,20,9,1638,3,0,0,15,
PMC5805884,29439046,8600,10.1128/genomeA.01554-17,2018 Feb 8,Genome Announcements,6,6,e01554-17,0,1,0,15,
PMC5460236,28649627,8600,10.1038/s41526-016-0002-8,2017 Jan 12,NPJ Microgravity,3,,5,2,2,0,15,
PMC3502426,23185266,6,10.1371/journal.pone.0048564,2012 Nov 20,PLoS ONE,7,11,e48564,6,2,0,15,HL077224; RR023710; AG036816
PMC5552977,28798168,8600,10.1128/genomeA.00680-17,2017 Aug 10,Genome Announcements,5,32,e00680-17,0,1,0,15,
PMC5896955,29561262,8600,10.7554/eLife.33285,2018 Mar 21,eLife,7,,e33285,13,1,0,15,
PMC11953390,40155631,11,10.1038/s41598-025-94761-0,2025 Mar 28,Scientific Reports,15,,10779,6,0,0,15,
PMC9861679,36675054,1,10.3390/ijms24021540,2023 Jan 12,International Journal of Molecular Sciences,24,2,1540,6,1,0,15,
PMC3258067,21847020,5,10.4161/psb.6.9.16601,2011 Sep 1,Plant Signaling & Behavior,6,9,1365,1,1,0,15,
PMC10528075,37759473,26,10.3390/cells12182249,2023 Sep 11,Cells,12,18,2249,7,4,0,15,NIH; NASA
PMC8323809,34381960,8600,10.1039/d0na01007c,2021 Jan 18,Nanoscale Advances,3,6,1588,4,2,0,15,
PMC9693084,36431005,1,10.3390/life12111871,2022 Nov 13,Life,12,11,1871,7,1,0,15,NASA
PMC8211661,34140518,1,10.1038/s41526-021-00151-x,2021 Jun 17,NPJ Microgravity,7,,22,4,1,0,15,
PMC11166944,38862542,3,10.1038/s41467-024-48920-y,2024 Jun 11,Nature Communications,15,,4825,10,0,0,15,
PMC5045078,27380804,8600,10.1093/jrr/rrw051,2016 Sep 30,Journal of Radiation Research,57,5,477,10,2,0,15,
PMC4161659,24990938,8600,10.1530/JOE-14-0224,2014 Jul 2,The Journal of endocrinology,223,1,M1,6,1,0,15,
PMC4776492,26862170,8600,10.1073/pnas.1515741113,2016 Feb 9,Proceedings of the National Academy of Sciences of the United States of America,113,8,E1116,7,0,0,15,
PMC3868799,24169547,8600,10.1210/en.2013-1607,2013 Oct 29,Endocrinology,155,1,40,3,1,0,15,
PMC4642138,26617617,8600,10.3389/fpls.2015.00969,2015 Nov 12,Frontiers in Plant Science,6,,969,6,0,0,15,
PMC7171750,32312311,16,10.1186/s40168-020-00830-z,2020 Apr 20,Microbiome,8,,56,8,1,0,0,NASA
PMC3851762,24324620,8600,10.1371/journal.pone.0080677,2013 Dec 4,PLoS ONE,8,12,e80677,6,4,0,15,
PMC8104057,33795349,8600,10.1128/MRA.01398-20,2021 Apr 1,Microbiology Resource Announcements,10,13,e01398-20,0,1,0,15,
PMC11362537,39209868,29,10.1038/s41522-024-00545-1,2024 Aug 29,NPJ Biofilms and Microbiomes,10,,71,6,0,0,15,
PMC11701653,39558178,2021,10.1093/nar/gkae1116,2024 Nov 18,Nucleic Acids Research,53,D1,D1697,9,1,0,15,NASA
PMC10025027,36950655,100,10.1016/j.heliyon.2023.e14403,2023 Mar 8,Heliyon,9,3,e14403,8,7,0,15,
PMC4012541,24332390,8600,10.1016/j.biomaterials.2013.11.063,2013 Dec 12,Biomaterials,35,7,2162,6,3,0,15,
PMC5523082,28791090,8600,10.1039/c5sc01058f,2015 Jul 13,Chemical Science,6,10,5913,5,0,0,15,
PMC8430797,34502375,37,10.3390/ijms22179470,2021 Aug 31,International Journal of Molecular Sciences,22,17,9470,3,5,0,15,RTI2018; ESA; NASA
PMC5387210,28399805,8600,10.1186/s12870-017-1024-4,2017 Apr 11,BMC Plant Biology,17,,73,6,0,0,0,
PMC5736159,29270444,57,,2017 Jul,Gravitational and space research : publication of the American Society for Gravitational and Space Research,5,1,2,7,3,0,15,
PMC2824534,20034665,8600,10.1016/j.biomaterials.2009.11.092,2010 Jan 19,Biomaterials,31,8,2193,5,2,0,15,
PMC10889206,38396660,6,10.3390/ijms25041980,2024 Feb 6,International Journal of Molecular Sciences,25,4,1980,4,5,0,15,AR066811; AR060913
PMC10144393,37109532,316,10.3390/life13041001,2023 Apr 13,Life,13,4,1001,21,2,0,15,
PMC6638264,27392542,8600,10.1111/mpp.12458,2016 Sep 15,Molecular Plant Pathology,18,7,1012,9,0,0,0,
PMC6710492,31463387,50,10.1016/j.heliyon.2019.e02221,2019 Aug 20,Heliyon,5,8,e02221,6,4,0,15,
PMC11053165,38671027,2024,10.1038/s41526-024-00392-6,2024 Apr 26,NPJ Microgravity,10,,49,9,0,0,15,
PMC7326050,32670208,93350089,10.3389/fmicb.2020.00931,2020 May 21,Frontiers in Microbiology,11,,931,3,3,0,15,
PMC4507784,26136267,8600,10.1093/jxb/erv316,2015 Jul 1,Journal of Experimental Botany,66,15,4835,6,0,0,15,
PMC4960141,25599862,8600,10.1007/s10616-015-9843-3,2015 Jan 20,Cytotechnology,68,4,921,7,3,0,15,
PMC10472590,37662183,1994,10.3389/fpls.2023.1267183,2023 Aug 17,Frontiers in Plant Science,14,,1267183,0,0,0,0,
PMC6746706,31527661,57,10.1038/s41598-019-49453-x,2019 Sep 16,Scientific Reports,9,,13304,5,0,0,15,
PMC3166430,21756981,2011,10.1016/j.neuroscience.2011.06.070,2011 Jul 1,Neuroscience,192,,361,5,0,0,15,
PMC6289879,30218537,8600,10.1111/tpj.14091,2018 Oct 23,The Plant journal : for cell and molecular biology,96,6,1106,6,0,0,15,
PMC5864415,29577086,8600,10.1128/mSystems.00218-17,2018 Mar 13,mSystems,3,3,e00218-17,4,0,0,15,
PMC5485990,28561779,8600,10.3390/ijms18061166,2017 May 31,International Journal of Molecular Sciences,18,6,1166,2,2,0,15,
PMC8513672,33793057,8600,10.1111/apha.13656,2021 Apr 9,"Acta physiologica (Oxford, England)",232,4,e13656,4,0,0,0,
PMC8269219,33947809,8600,10.1128/mSystems.00273-21,2021 May 4,mSystems,6,3,e00273-21,0,0,0,0,
PMC6813909,31445224,50,10.1016/j.bone.2019.115043,2019 Aug 21,Bone,128,,115043,4,0,0,15,
PMC4653813,24292610,6,,2013 Dec,Journal of musculoskeletal & neuronal interactions,13,4,405,6,0,0,0,
PMC7264257,32528506,2015,10.3389/fpls.2020.00656,2020 May 26,Frontiers in Plant Science,11,,656,6,10,0,15,
PMC11167063,38862827,2,10.1038/s42003-024-06014-x,2024 Jun 11,Communications Biology,7,,698,3,0,0,15,
PMC6048781,29802213,8600,10.1105/tpc.18.00316,2018 May 25,The Plant Cell,30,6,1173,2,0,0,0,
PMC5666834,29035346,8600,10.3390/ijms18102153,2017 Oct 16,International Journal of Molecular Sciences,18,10,2153,1,0,0,15,
PMC5391430,28408692,8600,10.1128/genomeA.01602-16,2017 Apr 13,Genome Announcements,5,15,e01602-16,0,1,0,15,
PMC6251167,30466389,8600,10.1186/s12866-018-1325-2,2018 Nov 23,BMC Microbiology,18,,175,4,2,0,0,NASA; OPP1151054
PMC6069985,30064382,8600,10.1186/s12864-018-4948-7,2018 Jul 31,BMC Genomics,19,,562,6,0,0,0,NIH; EPS-0814251; IIA-1330446; GM103446; NSF; NASA
PMC8131644,34006989,8600,10.1038/s41598-021-90010-2,2021 May 18,Scientific Reports,11,,10469,6,1,0,15,
PMC8739323,34993644,2021,10.1007/s00792-021-01253-w,2022 Jan 6,Extremophiles,26,1,7,2,1,0,15,
PMC6165321,30154332,8600,10.3390/ijms19092546,2018 Aug 28,International Journal of Molecular Sciences,19,9,2546,6,3,0,15,
PMC3337602,22570786,100,10.1155/2012/481983,2012 Apr 18,Journal of Aging Research,2012,,481983,3,0,0,15,
PMC6091969,30071103,8600,10.1371/journal.ppat.1007229,2018 Aug 2,PLoS Pathogens,14,8,e1007229,10,2,0,15,NIH; NASA
PMC9953463,36830740,57,10.3390/biom13020371,2023 Feb 15,Biomolecules,13,2,371,7,1,0,15,NASA
PMC7610290,32938754,2020,10.1105/tpc.20.00453,2020 Sep 15,The Plant Cell,32,11,3425,6,0,0,15,
PMC3002170,21103921,1,10.1007/s10552-010-9684-5,2010 Nov 20,Cancer Causes & Control,22,1,141,2,3,0,0,
PMC7607443,33163940,1,10.1016/j.isci.2020.101686,2020 Oct 15,iScience,23,11,101686,5,0,0,0,
PMC9241228,35765106,1,10.1186/s40168-022-01293-0,2022 Jun 29,Microbiome,10,,100,11,2,0,0,NASA
PMC6908503,31867033,1,10.3389/fpls.2019.01577,2019 Dec 6,Frontiers in Plant Science,10,,1577,6,0,0,15,NASA
PMC11166646,38862469,120,10.1038/s41467-023-41995-z,2024 Jun 11,Nature Communications,15,,4814,6,0,0,15,
PMC6131065,29984852,8600,10.1111/eos.12541,2018 Jul 9,European journal of oral sciences,126,5,373,6,1,0,15,
PMC4169763,24658222,8600,10.1249/MSS.0000000000000342,2014 Nov,Medicine and science in sports and exercise,46,11,2107,3,1,0,0,
PMC8468678,34575109,2,10.3390/life11090960,2021 Sep 13,Life,11,9,960,2,1,0,15,
PMC7555395,32927618,6,10.3390/life10090187,2020 Sep 10,Life,10,9,187,5,5,0,15,JPMXS0430300120; JAXA; NASA
PMC8475764,34589093,4,10.3389/fpls.2021.691790,2021 Sep 13,Frontiers in Plant Science,12,,691790,12,0,0,15,
PMC4469364,25981775,8600,10.1007/978-1-4939-2697-8_13,2015-01-01,"Methods in molecular biology (Clifton, N.J.)",1309,,151,5,0,0,15,
PMC3558598,23306065,8600,10.1016/j.ijmm.2012.12.002,2013 Jan 8,International journal of medical microbiology : IJMM,303,1,40,6,4,0,15,
PMC5415411,27943485,8600,10.1111/tpj.13449,2017 Mar 10,The Plant journal : for cell and molecular biology,90,4,671,2,0,0,0,
PMC7907224,33665238,8600,10.1016/j.bonr.2021.100755,2021 Feb 14,Bone Reports,14,,100755,2,1,0,15,
PMC10628120,37932283,16,10.1038/s41598-023-44172-w,2023 Nov 6,Scientific Reports,13,,19207,6,8,0,15,
PMC3350920,22378945,14,10.1093/jxb/ers022,2012 Feb 29,Journal of Experimental Botany,63,8,3061,6,0,0,15,
PMC3774184,20522735,10,10.1152/japplphysiol.00014.2009,2010 Jun 3,Journal of Applied Physiology,109,2,350,3,4,0,15,
PMC4211383,25389428,8600,10.3389/fpls.2014.00563,2014 Oct 28,Frontiers in Plant Science,5,,563,3,0,0,15,
PMC10030976,36944638,2023,10.1038/s41467-023-37070-2,2023 Mar 21,Nature Communications,14,,1391,2,0,0,15,
PMC6706399,31453318,0,10.1038/s41526-019-0080-5,2019 Aug 22,NPJ Microgravity,5,,20,4,0,0,15,
PMC5587110,28877184,8600,10.1371/journal.pone.0183480,2017 Sep 6,PLoS ONE,12,9,e0183480,5,3,0,15,NASA
PMC9116463,30611835,21,10.1016/j.fgb.2019.01.001,2019 Jan 3,Fungal genetics and biology : FG & B,124,,39,1,3,0,15,
PMC7954810,33712627,8600,10.1038/s41526-021-00139-7,2021 Mar 12,NPJ Microgravity,7,,11,6,1,0,15,
PMC10138634,37108526,57,10.3390/ijms24087362,2023 Apr 17,International Journal of Molecular Sciences,24,8,7362,10,1,0,15,NASA
PMC6057834,29892747,8600,10.1039/c8lc00103k,2018 Jul 24,Lab on a chip,18,15,2187,12,4,0,15,
PMC10715203,37966203,10,10.1128/spectrum.01897-23,2023 Nov 15,Microbiology Spectrum,11,6,e01897-23,6,0,0,15,
PMC5955502,29768411,8600,10.1371/journal.pone.0192643,2018 May 16,PLoS ONE,13,5,e0192643,7,2,0,15,Roscosmos; NASA
PMC6452512,30955503,14,10.1186/s40168-019-0666-x,2019 Apr 8,Microbiome,7,,50,7,1,0,0,NASA
PMC9695138,36362962,1,10.3390/life12111809,2022 Nov 7,Life,12,11,1809,4,0,0,15,NASA
PMC6876156,31685639,2019,10.1073/pnas.1909210116,2019 Nov 4,Proceedings of the National Academy of Sciences of the United States of America,116,47,23829,7,0,0,15,
PMC4033213,24904606,8600,10.3389/fpls.2014.00206,2014 May 20,Frontiers in Plant Science,5,,206,4,2,0,15,
PMC11302229,38980017,16,10.1128/spectrum.00169-24,2024 Jul 9,Microbiology Spectrum,12,8,e00169-24,4,2,0,15,
PMC5672023,29163058,3,10.3389/fncel.2017.00348,2017 Nov 1,Frontiers in Cellular Neuroscience,11,,348,13,1,0,15,
PMC11969330,40181784,30,10.1039/d4lc01090f,2025 Apr 4,Lab on a Chip,25,14,3430,7,0,0,15,
PMC11942576,40141326,50,10.3390/ijms26062685,2025 Mar 17,International Journal of Molecular Sciences,26,6,2685,9,0,0,15,CSIAF-202402
PMC3659353,23457215,8600,10.1096/fj.12-222687,2013 Jun,The FASEB Journal,27,6,2282,8,5,0,15,
PMC4064004,23698585,8600,10.1038/nrm3588,2013 Jun,Nature reviews. Molecular cell biology,14,6,382,4,0,0,15,
PMC4337661,25645569,8600,10.1111/joa.12277,2015 Feb 2,Journal of Anatomy,226,3,224,2,0,0,15,
PMC8421509,34489467,2021,10.1038/s41522-021-00240-5,2021 Sep 6,NPJ Biofilms and Microbiomes,7,,70,9,1,0,15,
PMC11403809,39283686,30,10.1093/gigascience/giae066,2024 Sep 16,GigaScience,13,,giae066,0,0,0,15,NASA
PMC5460263,28649632,8600,10.1038/s41526-017-0011-2,2017 Feb 28,NPJ Microgravity,3,,10,8,0,0,15,
PMC6062551,30062101,8600,10.1038/s41526-018-0048-x,2018 Jul 26,NPJ Microgravity,4,,13,6,0,0,15,
PMC5600826,28330827,8600,10.1016/j.ijdevneu.2017.03.007,2017 Mar 19,International journal of developmental neuroscience : the official journal of the International Society for Developmental Neuroscience,62,,56,2,0,0,15,
PMC3890248,24432200,8600,10.2174/18776116112029990011,2013 Jun 1,Recent patents on space technology,3,1,40,9,1,0,15,
PMC6321533,30567358,12,10.3390/ijms19124106,2018 Dec 18,International Journal of Molecular Sciences,19,12,4106,4,2,0,15,NASA
PMC5761896,29320559,8600,10.1371/journal.pone.0190982,2018 Jan 10,PLoS ONE,13,1,e0190982,7,1,0,15,NIH; NASA; GM103418
PMC4085587,25006354,8600,10.2174/1874285801408010051,2014 Jun 13,The Open Microbiology Journal,8,,51,6,1,0,15,
PMC7324008,27680492,5,10.1002/jnr.23958,2016 Sep 28,Journal of neuroscience research,94,12,1434,14,2,0,15,
PMC4035928,24706854,8600,10.1073/pnas.1319955111,2014 Mar 24,Proceedings of the National Academy of Sciences of the United States of America,111,17,6497,4,3,0,15,
PMC4411111,25915922,8600,10.1371/journal.pone.0125621,2015 Apr 27,PLoS ONE,10,4,e0125621,6,0,0,15,NSF; MCB-1244354
PMC3422896,22934100,14,10.3389/fpls.2012.00190,2012 Aug 20,Frontiers in Plant Science,3,,190,6,0,0,15,
PMC8012687,33815472,8600,10.3389/fgene.2021.638708,2021 Mar 18,Frontiers in Genetics,12,,638708,5,2,0,15,
PMC9287483,35856037,2022,10.1016/j.isci.2022.104687,2022 Jun 30,iScience,25,8,104687,4,5,0,0,
PMC4095884,25024843,8600,10.1186/2044-5040-4-13,2014 Jul 1,Skeletal Muscle,4,,13,6,0,0,0,
PMC6985101,31988426,2019,10.1038/s41598-020-58490-w,2020 Jan 27,Scientific Reports,10,,1517,0,0,0,0,
PMC11833055,39962314,2025,10.1038/s41598-025-90212-y,2025 Feb 17,Scientific Reports,15,,5731,6,1,0,15,
PMC4653058,26276131,8600,10.1096/fj.15-277392,2015 Aug 14,The FASEB Journal,29,12,4893,5,1,0,15,
PMC7190111,32348348,1,10.1371/journal.pone.0231838,2020 Apr 29,PLoS ONE,15,4,e0231838,6,2,0,15,NASA
PMC5958250,29773617,8600,10.1128/genomeA.00326-18,2018 May 17,Genome Announcements,6,20,e00326-18,0,0,0,10,
PMC4116675,24913916,8600,10.1111/mmi.12665,2014 Jul 6,Molecular microbiology,93,3,415,6,0,0,0,
PMC7162976,32300161,1,10.1038/s41598-020-63404-x,2020 Apr 16,Scientific Reports,10,,6484,6,1,0,15,
PMC11233762,38989048,1,10.3389/fphys.2024.1417719,2024 Jun 26,Frontiers in Physiology,15,,1417719,11,0,0,15,
PMC6447593,30963109,3,10.1038/s41526-019-0070-7,2019 Apr 3,NPJ Microgravity,5,,9,2,0,0,15,
PMC7067979,32210992,24,10.3389/fpls.2020.00199,2020 Mar 6,Frontiers in Plant Science,11,,199,5,8,0,15,
PMC5504618,28693587,8600,10.1186/s40168-017-0280-8,2017 Jul 11,Microbiome,5,,62,8,2,0,0,
PMC9856674,36672205,75,10.3390/cells12020270,2023 Jan 10,Cells,12,2,270,5,2,0,15,NIH; EPS-0814251; IIA-1330446; GM103446; NSF; NASA
PMC6126739,30104351,8600,10.1073/pnas.1807763115,2018 Aug 13,Proceedings of the National Academy of Sciences of the United States of America,115,35,E8305,4,0,0,15,
PMC3901686,24475130,8600,10.1371/journal.pone.0086485,2014 Jan 24,PLoS ONE,9,1,e86485,6,2,0,15,
PMC8067245,33801697,8600,10.3390/life11040283,2021 Mar 27,Life,11,4,283,8,3,0,15,NASA
PMC4118556,23165526,8600,10.1002/jbmr.1814,2013 Apr,Journal of bone and mineral research : the official journal of the American Society for Bone and Mineral Research,28,4,875,7,3,0,15,
PMC9743659,36503581,20,10.1186/s40168-022-01358-0,2022 Dec 12,Microbiome,10,,210,6,1,0,0,NASA; OPP1151054
PMC8904044,35258334,1,10.1128/aem.02422-21,2022 Mar 8,Applied and Environmental Microbiology,88,5,e02422-21,7,2,0,15,
PMC11492218,39418011,168,10.1177/19160216241288811,2024 Oct 17,Journal of Otolaryngology - Head & Neck Surgery,53,,19160216241288811,3,3,0,0,
PMC5026642,27534381,8600,10.1016/j.exger.2016.08.006,2016 Aug 14,Experimental gerontology,83,,148,4,0,0,15,
PMC9098553,35552509,11,10.1038/s42003-022-03334-8,2022 May 12,Communications Biology,5,,382,4,0,0,15,
PMC6204695,30181350,8600,10.1128/IAI.00282-18,2018 Oct 25,Infection and Immunity,86,11,e00282-18,1,0,0,15,
PMC11850895,39994230,3,10.1038/s41467-025-57239-1,2025 Feb 24,Nature Communications,16,,1915,4,0,0,15,
PMC6747492,31443374,21,10.3390/ijms20174094,2019 Aug 22,International Journal of Molecular Sciences,20,17,4094,5,3,0,15,NIH; NASA
PMC11357997,38862026,1,10.1038/s41586-024-07648-x,2024 Jun 11,Nature,632,8027,1155,15,0,0,15,
PMC7561690,33060271,10,10.1128/MRA.00923-20,2020 Oct 15,Microbiology Resource Announcements,9,42,e00923-20,0,1,0,15,
PMC11941215,40136666,37,10.3390/cells14060417,2025 Mar 12,Cells,14,6,417,4,0,0,15,NASA
PMC8716943,34975959,2021,10.3389/fpls.2021.777119,2021 Dec 16,Frontiers in Plant Science,12,,777119,1,2,0,15,
PMC6615562,31121355,2,10.1016/j.bone.2019.05.024,2019 May 20,Bone,125,,160,6,0,0,15,
PMC9105288,35567192,1,10.3390/plants11091191,2022 Apr 28,Plants,11,9,1191,8,1,0,15,NASA
PMC7012842,32047211,1,10.1038/s41598-020-58898-4,2020 Feb 11,Scientific Reports,10,,2336,8,1,0,15,
PMC4349987,25587034,2,10.1074/mcp.M114.042697,2015 Jan 13,Molecular & Cellular Proteomics : MCP,14,3,686,7,1,0,15,
PMC12021249,40273127,2025,10.1371/journal.pone.0318143,2025 Apr 24,PLOS One,20,4,e0318143,7,0,0,15,
PMC6590338,31303983,2012,10.1039/c9md00054b,2019 Apr 26,MedChemComm,10,6,840,29,5,0,15,
PMC3962621,24477538,8600,10.1152/ajpregu.00371.2013,2014 Jan 29,"American Journal of Physiology - Regulatory, Integrative and Comparative Physiology",306,7,R470,10,0,0,15,
PMC10503492,36070701,1,10.1016/j.celrep.2022.111279,2022 Sep 6,Cell reports,40,10,111279,6,1,0,0,
PMC10342025,37446313,2,10.3390/ijms241311135,2023 Jul 6,International Journal of Molecular Sciences,24,13,11135,7,1,0,15,NASA
PMC11988970,40243802,3,10.3390/ijms26073094,2025 Mar 27,International Journal of Molecular Sciences,26,7,3094,10,0,0,15,
PMC11166648,38862496,4,10.1038/s41467-024-48929-3,2024 Jun 11,Nature Communications,15,,4950,5,0,0,15,
PMC3044105,21306641,2,10.1186/1749-799X-6-8,2011 Feb 9,Journal of Orthopaedic Surgery and Research,6,,8,4,3,0,0,
